Workbook

Sheet Summary
A1: Proposed quarter-hour contract clocks
A2: One school day. Contracted route clocks as of October 5, 2026.
A4: If a clock-in is not already on :00, :15, :30, or :45, it moves earlier to the previous quarter hour. If a clock-out is not already on a quarter hour, it moves later to the next one. Each route is then clocked at those new times.
A6: Extra paid hours | B6: =Routes!Q64
A7: Full Day Rounded Quarter Hours now | B7: =Routes!O64
A8: Hours proposed | B8: =Routes!P64
A9: Routes with contracted clocks | B9: =COUNTA(Routes!A2:A63)
A11: Increase | B11: Routes
A12: 0.00 | B12: =COUNTIF(Routes!Q2:Q63,0)
A13: +0.25 | B13: =COUNTIF(Routes!Q2:Q63,0.25)
A14: +0.50 | B14: =COUNTIF(Routes!Q2:Q63,0.5)
A15: +0.75 | B15: =COUNTIF(Routes!Q2:Q63,0.75)
A17: Hours now is the Full Day Rounded Quarter Hours figure Payroll receives. Each AM, midday, and PM run is rounded to the nearest quarter hour, and those three amounts are added. The increase is the proposed window length minus that figure.
A19: The four routes at +0.75 are 61, S 04, S 11, and S 17. They are highlighted on the Routes sheet.
A20: Six routes stay at 0.00. Routes 63, 86, S 06, and S 21 still have a clock that moves, and today’s nearest-quarter rounding already pays that longer window. Utility — Blakeslee and Utility — Kuhlman are already on quarter hours.
A21: S 22 and S 23 have no driver today. Their clocks are included, and each rises by 0.25. They are not on the current payroll spreadsheet. Route 56 has no contracted clocks and is left out. A dash means that run is not on the contract.
A23: Edit the Routes sheet. The totals on this page follow those rows. Print this page for the summary, and print Routes in landscape. It is set to fit the width of one letter page.

Sheet Routes
A1: Route | B1: Driver | C1: AM in now | D1: AM in proposed | E1: AM out now | F1: AM out proposed | G1: Mid in now | H1: Mid in proposed | I1: Mid out now | J1: Mid out proposed | K1: PM in now | L1: PM in proposed | M1: PM out now | N1: PM out proposed | O1: Hours now | P1: Hours proposed | Q1: Increase
A2: 50 | B2: Scott Wright | C2: 6:25 AM | D2: 6:15 AM | E2: 9:20 AM | F2: 9:30 AM | G2: 11:30 AM | H2: 11:30 AM | I2: 12:50 PM | J2: 1:00 PM | K2: 2:00 PM | L2: 2:00 PM | M2: 5:00 PM | N2: 5:00 PM | O2: 7.25 | P2: 7.75 | Q2: =P2-O2
A3: 51 | B3: Lisa DeGraaff | C3: 6:35 AM | D3: 6:30 AM | E3: 9:20 AM | F3: 9:30 AM | G3: — | H3: — | I3: — | J3: — | K3: 2:00 PM | L3: 2:00 PM | M3: 5:20 PM | N3: 5:30 PM | O3: 6 | P3: 6.5 | Q3: =P3-O3
A4: 52 | B4: Eduardo Garcia | C4: 7:00 AM | D4: 7:00 AM | E4: 9:15 AM | F4: 9:15 AM | G4: — | H4: — | I4: — | J4: — | K4: 2:05 PM | L4: 2:00 PM | M4: 4:50 PM | N4: 5:00 PM | O4: 5 | P4: 5.25 | Q4: =P4-O4
A5: 53 | B5: Juan Banuelos | C5: 6:45 AM | D5: 6:45 AM | E5: 8:35 AM | F5: 8:45 AM | G5: — | H5: — | I5: — | J5: — | K5: 1:50 PM | L5: 1:45 PM | M5: 5:15 PM | N5: 5:15 PM | O5: 5.25 | P5: 5.5 | Q5: =P5-O5
A6: 54 | B6: Cody Shurtz | C6: 6:45 AM | D6: 6:45 AM | E6: 8:35 AM | F6: 8:45 AM | G6: — | H6: — | I6: — | J6: — | K6: 2:05 PM | L6: 2:00 PM | M6: 4:45 PM | N6: 4:45 PM | O6: 4.5 | P6: 4.75 | Q6: =P6-O6
A7: 55 | B7: Athena Panagos | C7: 6:40 AM | D7: 6:30 AM | E7: 8:45 AM | F7: 8:45 AM | G7: — | H7: — | I7: — | J7: — | K7: 2:00 PM | L7: 2:00 PM | M7: 4:40 PM | N7: 4:45 PM | O7: 4.75 | P7: 5 | Q7: =P7-O7
A8: 57 | B8: Brian Boatman | C8: 6:45 AM | D8: 6:45 AM | E8: 9:20 AM | F8: 9:30 AM | G8: — | H8: — | I8: — | J8: — | K8: 2:00 PM | L8: 2:00 PM | M8: 4:50 PM | N8: 5:00 PM | O8: 5.25 | P8: 5.75 | Q8: =P8-O8
A9: 58 | B9: Heather McDermott | C9: 6:50 AM | D9: 6:45 AM | E9: 9:35 AM | F9: 9:45 AM | G9: — | H9: — | I9: — | J9: — | K9: 2:05 PM | L9: 2:00 PM | M9: 4:25 PM | N9: 4:30 PM | O9: 5 | P9: 5.5 | Q9: =P9-O9
A10: 59 | B10: Charanjit Hundal | C10: 6:35 AM | D10: 6:30 AM | E10: 9:20 AM | F10: 9:30 AM | G10: — | H10: — | I10: — | J10: — | K10: 2:05 PM | L10: 2:00 PM | M10: 4:45 PM | N10: 4:45 PM | O10: 5.5 | P10: 5.75 | Q10: =P10-O10
A11: 60 | B11: Danna Daily | C11: 6:50 AM | D11: 6:45 AM | E11: 9:20 AM | F11: 9:30 AM | G11: — | H11: — | I11: — | J11: — | K11: 2:05 PM | L11: 2:00 PM | M11: 4:45 PM | N11: 4:45 PM | O11: 5.25 | P11: 5.5 | Q11: =P11-O11
A12: 61 | B12: Dennis Jensen | C12: 6:55 AM | D12: 6:45 AM | E12: 9:15 AM | F12: 9:15 AM | G12: 10:10 AM | H12: 10:00 AM | I12: 12:10 PM | J12: 12:15 PM | K12: 2:00 PM | L12: 2:00 PM | M12: 4:50 PM | N12: 5:00 PM | O12: 7 | P12: 7.75 | Q12: =P12-O12
A13: 62 | B13: Moana Smithson | C13: 6:35 AM | D13: 6:30 AM | E13: 9:20 AM | F13: 9:30 AM | G13: — | H13: — | I13: — | J13: — | K13: 2:05 PM | L13: 2:00 PM | M13: 4:45 PM | N13: 4:45 PM | O13: 5.5 | P13: 5.75 | Q13: =P13-O13
... A63: Utility — Kuhlman | B63: James Kuhlman | C63: 7:00 AM | D63: 7:00 AM | E63: 3:00 PM | F63: 3:00 PM | G63: — | H63: — | I63: — | J63: — | K63: — | L63: — | M63: — | N63: — | O63: 8 | P63: 8 | Q63: =P63-O63
A64: All routes | B64: 62 | O64: =SUM(O2:O63) | P64: =SUM(P2:P63) | Q64: =SUM(Q2:Q63)
